Designator,Mid X,Mid Y,Layer,Rotation
C1,124.000mm,-97.500mm,Top,0
C2,105.000mm,-84.000mm,Top,90
C3,113.000mm,-84.000mm,Top,90
C4,140.000mm,-83.000mm,Top,90
C6,154.000mm,-83.000mm,Top,90
C7,168.000mm,-83.000mm,Top,90
C8,182.000mm,-83.000mm,Top,90
C9,181.000mm,-77.000mm,Top,90
C10,160.000mm,-66.000mm,Top,90
C13,191.700mm,-91.500mm,Top,90
C14,196.100mm,-91.500mm,Top,90
D2,115.000mm,-96.000mm,Top,0
Q2,128.000mm,-85.000mm,Top,0
R1,124.000mm,-86.000mm,Top,0
R4,118.000mm,-70.000mm,Top,0
R7,124.000mm,-80.000mm,Top,0
R8,128.000mm,-80.000mm,Top,0
R9,190.000mm,-84.000mm,Top,0
R10,194.000mm,-84.000mm,Top,90
R11,175.000mm,-71.000mm,Top,0
R12,163.000mm,-84.000mm,Top,0
R19,189.500mm,-91.500mm,Top,90
R20,193.900mm,-91.500mm,Top,90
R21,189.500mm,-87.500mm,Top,90
R22,191.700mm,-87.500mm,Top,90
U10,140.000mm,-92.000mm,Top,0
U11,154.000mm,-92.000mm,Top,0
U12,168.000mm,-92.000mm,Top,0
U13,182.000mm,-92.000mm,Top,0
U14,105.000mm,-92.000mm,Top,0
U15,175.000mm,-77.000mm,Top,0
