Comment,Designator,Footprint,LCSC Part #,MPN
10uF,"C1,C2,C16",C_0805_2012Metric,C15850,0805 10uF
22uF,C3,C_0805_2012Metric,C45783,0805 22uF
100nF,"C4,C6,C7,C8,C9,C10",C_0805_2012Metric,C49678,0805 100nF
10nF,"C13,C14",C_0805_2012Metric,C1710,0805 10nF
SS14,D2,D_SMA,C2480,SS14
2N7002,"Q2,Q4",SOT-23,C8545,2N7002
4.7k,"R1,R3",R_0805_2012Metric,C17673,0805 4.7k 1%
10k,"R4,R7,R23,R25",R_0805_2012Metric,C17414,0805 10k 1%
100,"R8,R9,R16",R_0805_2012Metric,C17408,0805 100 1%
33,"R11,R12",R_0805_2012Metric,C17634,0805 33 1%
100k,R18,R_0805_2012Metric,C149504,0805 100k 1%
470,"R19,R20",R_0805_2012Metric,C17710,0805 470 1%
1k,"R21,R22",R_0805_2012Metric,C17513,0805 1k 1%
0,R24,R_0805_2012Metric,C17477,0805 0 1%
SN74LVC245A,"U10,U11,U12,U13",SOIC-20W_7.5x12.8mm_P1.27mm,C571201,SN74LVC245ADWR
AMS1117-3.3,U14,SOT-223-3_TabPin2,C6186,AMS1117-3.3
SN74LVC00A,U15,SOIC-14_3.9x8.7mm_P1.27mm,C485072,SN74LVC00ADR
